{
	"credit": "Made with Blockbench",
	"textures": {
		"1": "blocks/grass_1",
		"2": "blocks/grass_2",
		"3": "blocks/grass_3",
		"4": "blocks/grass_5",
		"5": "blocks/grass_4",
		"particle": "blocks/grass_5"
	},
	"elements": [
		{
			"from": [9.4588, 0, -1.30656],
			"to": [9.4588, 16, 14.69344],
			"rotation": {"angle": 22.5, "axis": "y", "origin": [8, 8, 8]},
			"faces": {
				"north": {"uv": [0, 0, 0, 16], "texture": "#2"},
				"east": {"uv": [0, 0, 16, 16], "texture": "#2", "tintindex": 0},
				"south": {"uv": [0, 0, 0, 16], "texture": "#2"},
				"west": {"uv": [0, 0, 16, 16], "texture": "#2", "tintindex": 0},
				"up": {"uv": [0, 0, 0, 16], "texture": "#2"},
				"down": {"uv": [0, 0, 0, 16], "texture": "#2"}
			}
		},
		{
			"from": [-1.72384, 1.14805, 12.78496],
			"to": [14.27616, 17.14805, 12.78496],
			"rotation": {"angle": 22.5, "axis": "x", "origin": [8, 8, 8]},
			"faces": {
				"north": {"uv": [0, 0, 16, 16], "texture": "#3", "tintindex": 0},
				"east": {"uv": [0, 0, 0, 16], "texture": "#3"},
				"south": {"uv": [0, 0, 16, 16], "texture": "#3", "tintindex": 0},
				"west": {"uv": [0, 0, 0, 16], "texture": "#3"},
				"up": {"uv": [0, 0, 0, 16], "rotation": 90, "texture": "#3"},
				"down": {"uv": [0, 0, 0, 16], "rotation": 270, "texture": "#3"}
			}
		},
		{
			"from": [5.11958, 0, 2.44773],
			"to": [5.11958, 16, 18.44773],
			"rotation": {"angle": -22.5, "axis": "y", "origin": [8, 8, 8]},
			"faces": {
				"north": {"uv": [0, 0, 0, 16], "texture": "#1"},
				"east": {"uv": [0, 0, 16, 16], "texture": "#1", "tintindex": 0},
				"south": {"uv": [0, 0, 0, 16], "texture": "#1"},
				"west": {"uv": [0, 0, 16, 16], "texture": "#1", "tintindex": 0},
				"up": {"uv": [0, 0, 0, 16], "rotation": 180, "texture": "#1"},
				"down": {"uv": [0, 0, 0, 16], "rotation": 180, "texture": "#1"}
			}
		},
		{
			"from": [0, 1.68925, 2.53492],
			"to": [16, 17.68925, 2.53492],
			"rotation": {"angle": -22.5, "axis": "x", "origin": [8, 8, 8]},
			"faces": {
				"north": {"uv": [0, 0, 16, 16], "texture": "#2", "tintindex": 0},
				"east": {"uv": [0, 0, 0, 16], "texture": "#2"},
				"south": {"uv": [0, 0, 16, 16], "texture": "#2", "tintindex": 0},
				"west": {"uv": [0, 0, 0, 16], "texture": "#2"},
				"up": {"uv": [0, 0, 16, 0], "texture": "#2"},
				"down": {"uv": [0, 0, 16, 0], "texture": "#2"}
			}
		},
		{
			"from": [12.61732, 0.92388, 2],
			"to": [12.61732, 14.92388, 16],
			"rotation": {"angle": -22.5, "axis": "z", "origin": [8, 8, 8]},
			"faces": {
				"north": {"uv": [0, 0, 0, 14], "texture": "#3"},
				"east": {"uv": [0, 2.032, 14, 16], "texture": "#3", "tintindex": 0},
				"south": {"uv": [0, 0, 0, 14], "texture": "#3"},
				"west": {"uv": [0, 2.032, 14, 16], "texture": "#3", "tintindex": 0},
				"up": {"uv": [0, 0, 14, 0], "rotation": 270, "texture": "#3"},
				"down": {"uv": [0, 0, 14, 0], "rotation": 90, "texture": "#3"}
			}
		},
		{
			"from": [1.27373, 2.09145, 2],
			"to": [1.27373, 18.09145, 18],
			"rotation": {"angle": 22.5, "axis": "z", "origin": [8, 8, 8]},
			"faces": {
				"north": {"uv": [0, 0, 0, 16], "texture": "#2"},
				"east": {"uv": [0, 0, 16, 16], "texture": "#2", "tintindex": 0},
				"south": {"uv": [0, 0, 0, 16], "texture": "#2"},
				"west": {"uv": [16, 0, 0, 16], "texture": "#2", "tintindex": 0},
				"up": {"uv": [0, 0, 0, 16], "texture": "#2"},
				"down": {"uv": [0, 0, 0, 16], "texture": "#2"}
			}
		},
		{
			"from": [14.27959, 1.94909, 6],
			"to": [14.27959, 9.94909, 15],
			"rotation": {"angle": -22.5, "axis": "z", "origin": [8, 8, 8]},
			"faces": {
				"north": {"uv": [0, 0, 0, 8], "texture": "#1"},
				"east": {"uv": [0, 0, 16, 16], "texture": "#1", "tintindex": 0},
				"south": {"uv": [0, 0, 0, 8], "texture": "#1"},
				"west": {"uv": [0, 0, 16, 16], "texture": "#1", "tintindex": 0},
				"up": {"uv": [0, 0, 0, 9], "texture": "#1"},
				"down": {"uv": [0, 0, 0, 9], "texture": "#1"}
			}
		},
		{
			"from": [1.07612, 0, 11.61732],
			"to": [11.07612, 10, 11.61732],
			"rotation": {"angle": 22.5, "axis": "y", "origin": [8, 8, 8]},
			"faces": {
				"north": {"uv": [3.469, 1, 15.999, 15.999], "texture": "#1", "tintindex": 0},
				"east": {"uv": [0, 0, 10, 0], "rotation": 90, "texture": "#1"},
				"south": {"uv": [1.969, 1.313, 15.593, 15.999], "texture": "#1", "tintindex": 0},
				"west": {"uv": [0, 0, 10, 0], "rotation": 270, "texture": "#1"},
				"up": {"uv": [0, 0, 10, 0], "texture": "#1"},
				"down": {"uv": [0, 0, 10, 0], "rotation": 180, "texture": "#1"}
			}
		},
		{
			"from": [-2.87868, 0, 2.70711],
			"to": [13.12132, 16, 2.70711],
			"rotation": {"angle": 45, "axis": "y", "origin": [8, 8, 8]},
			"faces": {
				"north": {"uv": [16, 0, 0, 16], "texture": "#1", "tintindex": 0},
				"east": {"uv": [0, 0, 16, 0], "rotation": 90, "texture": "#1"},
				"south": {"uv": [0, 0, 16, 16], "texture": "#1", "tintindex": 0},
				"west": {"uv": [0, 0, 16, 0], "rotation": 270, "texture": "#1"},
				"up": {"uv": [0, 0, 16, 0], "texture": "#1"},
				"down": {"uv": [0, 0, 16, 0], "rotation": 180, "texture": "#1"}
			}
		},
		{
			"from": [-0.4431, 2.66612, 0],
			"to": [-0.4431, 12.66612, 9],
			"rotation": {"angle": 22.5, "axis": "z", "origin": [8, 8, 8]},
			"faces": {
				"north": {"uv": [0, 0, 10, 0], "rotation": 90, "texture": "#3"},
				"east": {"uv": [0, 2.75, 10.344, 16], "texture": "#3", "tintindex": 0},
				"south": {"uv": [0, 0, 10, 0], "rotation": 270, "texture": "#3"},
				"west": {"uv": [0, 2.875, 10.5, 16], "texture": "#3", "tintindex": 0},
				"up": {"uv": [0, 0, 9, 0], "rotation": 270, "texture": "#3"},
				"down": {"uv": [0, 0, 9, 0], "rotation": 270, "texture": "#3"}
			}
		},
		{
			"from": [2, 2.33596, 15.1972],
			"to": [12, 12.33596, 15.1972],
			"rotation": {"angle": 22.5, "axis": "x", "origin": [8, 8, 8]},
			"faces": {
				"north": {"uv": [4.375, 5.625, 16, 16], "texture": "#4", "tintindex": 0},
				"east": {"uv": [0, 0, 10, 0], "rotation": 90, "texture": "#4"},
				"south": {"uv": [4.313, 4.375, 16, 16], "texture": "#4", "tintindex": 0},
				"west": {"uv": [0, 0, 10, 0], "rotation": 270, "texture": "#4"},
				"up": {"uv": [0, 0, 10, 0], "texture": "#4"},
				"down": {"uv": [0, 0, 10, 0], "rotation": 180, "texture": "#4"}
			}
		},
		{
			"from": [14.91761, 2.14423, -1],
			"to": [14.91761, 13.14423, 9],
			"rotation": {"angle": -22.5, "axis": "z", "origin": [8, 8, 8]},
			"faces": {
				"north": {"uv": [0, 0, 11, 0], "rotation": 90, "texture": "#2"},
				"east": {"uv": [0, 0, 16, 16], "texture": "#2", "tintindex": 0},
				"south": {"uv": [0, 0, 11, 0], "rotation": 270, "texture": "#2"},
				"west": {"uv": [0, 0, 13, 16], "texture": "#2", "tintindex": 0},
				"up": {"uv": [0, 0, 10, 0], "rotation": 270, "texture": "#2"},
				"down": {"uv": [0, 0, 10, 0], "rotation": 270, "texture": "#2"}
			}
		},
		{
			"from": [1.85195, 0, 2.13759],
			"to": [7.85195, 5, 2.13759],
			"rotation": {"angle": -22.5, "axis": "y", "origin": [8, 8, 8]},
			"faces": {
				"north": {"uv": [4.907, 6.469, 16, 16], "texture": "#4", "tintindex": 0},
				"east": {"uv": [0, 0, 0, 7], "texture": "#4"},
				"south": {"uv": [4.563, 6.719, 16, 16], "texture": "#4", "tintindex": 0},
				"west": {"uv": [0, 0, 0, 7], "texture": "#4"},
				"up": {"uv": [0, 0, 8, 0], "texture": "#4"},
				"down": {"uv": [0, 0, 8, 0], "texture": "#4"}
			}
		},
		{
			"from": [1.41421, -1, 9.41421],
			"to": [14.41421, 12, 9.41421],
			"rotation": {"angle": -45, "axis": "y", "origin": [8, 8, 8]},
			"faces": {
				"north": {"uv": [0.063, 0.063, 16, 16], "texture": "#5", "tintindex": 0},
				"east": {"uv": [0, 0, 13, 0], "rotation": 270, "texture": "#5"},
				"south": {"uv": [0, 0.063, 16, 16], "texture": "#5", "tintindex": 0},
				"west": {"uv": [0, 0, 13, 0], "rotation": 90, "texture": "#5"},
				"up": {"uv": [0, 0, 13, 0], "rotation": 180, "texture": "#5"},
				"down": {"uv": [0, 0, 13, 0], "texture": "#5"}
			}
		},
		{
			"from": [14.41421, 0, 1.41421],
			"to": [14.41421, 13, 14.41421],
			"rotation": {"angle": -45, "axis": "y", "origin": [8, 8, 8]},
			"faces": {
				"north": {"uv": [0, 0, 0, 13], "texture": "#5"},
				"east": {"uv": [0.157, 1.407, 14.844, 16], "texture": "#5", "tintindex": 0},
				"south": {"uv": [0, 0, 0, 13], "texture": "#5"},
				"west": {"uv": [0.688, 1.875, 14.813, 16], "texture": "#5", "tintindex": 0},
				"up": {"uv": [0, 0, 0, 13], "texture": "#5"},
				"down": {"uv": [0, 0, 0, 13], "texture": "#5"}
			}
		},
		{
			"from": [16.83102, 2.76748, 6],
			"to": [16.83102, 9.76748, 13],
			"rotation": {"angle": -22.5, "axis": "z", "origin": [8, 8, 8]},
			"faces": {
				"north": {"uv": [0, 0, 7, 0], "rotation": 90, "texture": "#3"},
				"east": {"uv": [0, 2.5, 12.907, 16], "texture": "#3", "tintindex": 0},
				"south": {"uv": [0, 0, 7, 0], "rotation": 270, "texture": "#3"},
				"west": {"uv": [0, 2.563, 10.844, 16], "texture": "#3", "tintindex": 0},
				"up": {"uv": [0, 0, 7, 0], "rotation": 270, "texture": "#3"},
				"down": {"uv": [0, 0, 7, 0], "rotation": 270, "texture": "#3"}
			}
		}
	],
	"groups": [
		{
			"name": "group",
			"origin": [8, 8, 8],
			"children": [0, 1, 2]
		},
		{
			"name": "group",
			"origin": [8, 8, 8],
			"children": [3, 4, 5]
		},
		{
			"name": "group",
			"origin": [8, 8, 8],
			"children": [6, 7]
		},
		{
			"name": "group",
			"origin": [8, 8, 8],
			"children": [8, 9, 10, 11, 12]
		},
		{
			"name": "group",
			"origin": [8, 8, 8],
			"children": [13, 14, 15]
		}
	]
}