{
	"credit": "Made with Blockbench",
	"textures": {
		"1": "blocks/grass_1",
		"2": "blocks/grass_2",
		"3": "blocks/grass_3"
	},
	"elements": [
		{
			"from": [9.4588, 0, -1.30656],
			"to": [9.4588, 16, 14.69344],
			"rotation": {"angle": 22.5, "axis": "y", "origin": [8, 8, 8]},
			"faces": {
				"north": {"uv": [0, 0, 0, 16], "texture": "#2"},
				"east": {"uv": [0, 0, 16, 16], "texture": "#2", "tintindex": 0},
				"south": {"uv": [0, 0, 0, 16], "texture": "#2"},
				"west": {"uv": [0, 0, 16, 16], "texture": "#2", "tintindex": 0},
				"up": {"uv": [0, 0, 0, 16], "texture": "#2"},
				"down": {"uv": [0, 0, 0, 16], "texture": "#2"}
			}
		},
		{
			"from": [-1.72384, 1.14805, 12.78496],
			"to": [14.27616, 17.14805, 12.78496],
			"rotation": {"angle": 22.5, "axis": "x", "origin": [8, 8, 8]},
			"faces": {
				"north": {"uv": [0, 0, 16, 16], "texture": "#3", "tintindex": 0},
				"east": {"uv": [0, 0, 0, 16], "texture": "#3"},
				"south": {"uv": [0, 0, 16, 16], "texture": "#3", "tintindex": 0},
				"west": {"uv": [0, 0, 0, 16], "texture": "#3"},
				"up": {"uv": [0, 0, 0, 16], "rotation": 90, "texture": "#3"},
				"down": {"uv": [0, 0, 0, 16], "rotation": 270, "texture": "#3"}
			}
		},
		{
			"from": [5.11958, 0, 2.44773],
			"to": [5.11958, 16, 18.44773],
			"rotation": {"angle": -22.5, "axis": "y", "origin": [8, 8, 8]},
			"faces": {
				"north": {"uv": [0, 0, 0, 16], "texture": "#1"},
				"east": {"uv": [0, 0, 16, 16], "texture": "#1", "tintindex": 0},
				"south": {"uv": [0, 0, 0, 16], "texture": "#1"},
				"west": {"uv": [0, 0, 16, 16], "texture": "#1", "tintindex": 0},
				"up": {"uv": [0, 0, 0, 16], "rotation": 180, "texture": "#1"},
				"down": {"uv": [0, 0, 0, 16], "rotation": 180, "texture": "#1"}
			}
		},
		{
			"from": [0, 1.68925, 2.53492],
			"to": [16, 17.68925, 2.53492],
			"rotation": {"angle": -22.5, "axis": "x", "origin": [8, 8, 8]},
			"faces": {
				"north": {"uv": [0, 0, 16, 16], "texture": "#2", "tintindex": 0},
				"east": {"uv": [0, 0, 0, 16], "texture": "#2"},
				"south": {"uv": [0, 0, 16, 16], "texture": "#2", "tintindex": 0},
				"west": {"uv": [0, 0, 0, 16], "texture": "#2"},
				"up": {"uv": [0, 0, 16, 0], "texture": "#2"},
				"down": {"uv": [0, 0, 16, 0], "texture": "#2"}
			}
		},
		{
			"from": [12.61732, 0.92388, 2],
			"to": [12.61732, 14.92388, 16],
			"rotation": {"angle": -22.5, "axis": "z", "origin": [8, 8, 8]},
			"faces": {
				"north": {"uv": [0, 0, 0, 14], "texture": "#3"},
				"east": {"uv": [0, 2.032, 14, 16], "texture": "#3", "tintindex": 0},
				"south": {"uv": [0, 0, 0, 14], "texture": "#3"},
				"west": {"uv": [0, 2.032, 14, 16], "texture": "#3", "tintindex": 0},
				"up": {"uv": [0, 0, 14, 0], "rotation": 270, "texture": "#3"},
				"down": {"uv": [0, 0, 14, 0], "rotation": 90, "texture": "#3"}
			}
		},
		{
			"from": [1.08239, 1.62951, 2],
			"to": [1.08239, 17.62951, 18],
			"rotation": {"angle": 22.5, "axis": "z", "origin": [8, 8, 8]},
			"faces": {
				"north": {"uv": [0, 0, 0, 16], "texture": "#2"},
				"east": {"uv": [0, 0, 16, 16], "texture": "#2", "tintindex": 0},
				"south": {"uv": [0, 0, 0, 16], "texture": "#2"},
				"west": {"uv": [16, 0, 0, 16], "texture": "#2", "tintindex": 0},
				"up": {"uv": [0, 0, 0, 16], "texture": "#2"},
				"down": {"uv": [0, 0, 0, 16], "texture": "#2"}
			}
		},
		{
			"from": [14.54747, 1.30237, 6],
			"to": [14.54747, 9.30237, 15],
			"rotation": {"angle": -22.5, "axis": "z", "origin": [8, 8, 8]},
			"faces": {
				"north": {"uv": [0, 0, 0, 8], "texture": "#1"},
				"east": {"uv": [0, 0, 16, 16], "texture": "#1", "tintindex": 0},
				"south": {"uv": [0, 0, 0, 8], "texture": "#1"},
				"west": {"uv": [0, 0, 16, 16], "texture": "#1", "tintindex": 0},
				"up": {"uv": [0, 0, 0, 9], "texture": "#1"},
				"down": {"uv": [0, 0, 0, 9], "texture": "#1"}
			}
		},
		{
			"from": [1.07612, 0, 11.61732],
			"to": [11.07612, 10, 11.61732],
			"rotation": {"angle": 22.5, "axis": "y", "origin": [8, 8, 8]},
			"faces": {
				"north": {"uv": [3.469, 1, 15.999, 15.999], "texture": "#1", "tintindex": 0},
				"east": {"uv": [0, 0, 10, 0], "rotation": 90, "texture": "#1"},
				"south": {"uv": [1.969, 1.313, 15.593, 15.999], "texture": "#1", "tintindex": 0},
				"west": {"uv": [0, 0, 10, 0], "rotation": 270, "texture": "#1"},
				"up": {"uv": [0, 0, 10, 0], "texture": "#1"},
				"down": {"uv": [0, 0, 10, 0], "rotation": 180, "texture": "#1"}
			}
		}
	],
	"groups": [
		{
			"name": "group",
			"origin": [8, 8, 8],
			"children": [0, 1, 2]
		},
		{
			"name": "group",
			"origin": [8, 8, 8],
			"children": [3, 4, 5]
		},
		{
			"name": "group",
			"origin": [8, 8, 8],
			"children": [6, 7]
		}
	]
}