{
	"credit": "Made with Blockbench",
	"textures": {
		"1": "block/grass_4",
		"2": "block/grass_5",
		"3": "block/grass_1",
		"5": "block/grass_3",
		"particle": "block/grass_4"
	},
	"elements": [
		{
			"from": [-0.00627, 2.99581, 0],
			"to": [-0.00627, 18.99581, 16],
			"rotation": {"angle": 22.5, "axis": "z", "origin": [8, 8, 8]},
			"faces": {
				"north": {"uv": [0, 0, 0, 16], "texture": "#2"},
				"east": {"uv": [16, 0, 0, 16], "texture": "#2", "tintindex": 0},
				"south": {"uv": [0, 0, 0, 16], "texture": "#2"},
				"west": {"uv": [0, 0, 16, 16], "texture": "#2", "tintindex": 0},
				"up": {"uv": [0, 0, 0, 16], "texture": "#2"},
				"down": {"uv": [0, 0, 0, 16], "texture": "#2"}
			}
		},
		{
			"from": [0, 0, 2.82843],
			"to": [16, 16, 2.82843],
			"rotation": {"angle": 45, "axis": "y", "origin": [8, 8, 8]},
			"faces": {
				"north": {"uv": [0, 0, 16, 16], "texture": "#1", "tintindex": 0},
				"east": {"uv": [0, 0, 0, 16], "texture": "#1", "tintindex": 0},
				"south": {"uv": [0, 0, 16, 16], "texture": "#1", "tintindex": 0},
				"west": {"uv": [0, 0, 0, 16], "texture": "#1"},
				"up": {"uv": [0, 0, 16, 0], "texture": "#1"},
				"down": {"uv": [0, 0, 16, 0], "texture": "#1"}
			}
		},
		{
			"from": [2, 0, 2],
			"to": [18, 16, 2],
			"faces": {
				"north": {"uv": [0, 0, 16, 16], "texture": "#1", "tintindex": 0},
				"east": {"uv": [0, 0, 0, 16], "texture": "#1"},
				"south": {"uv": [0, 0, 16, 16], "texture": "#1", "tintindex": 0},
				"west": {"uv": [0, 0, 0, 16], "texture": "#1"},
				"up": {"uv": [0, 0, 0, 16], "rotation": 270, "texture": "#1"},
				"down": {"uv": [0, 0, 0, 16], "rotation": 90, "texture": "#1"}
			}
		},
		{
			"from": [15.38896, 2.07193, 0],
			"to": [15.38896, 18.07193, 16],
			"rotation": {"angle": -22.5, "axis": "z", "origin": [8, 8, 8]},
			"faces": {
				"north": {"uv": [0, 0, 0, 16], "texture": "#2"},
				"east": {"uv": [0, 0, 16, 16], "texture": "#2", "tintindex": 0},
				"south": {"uv": [0, 0, 0, 16], "texture": "#2"},
				"west": {"uv": [16, 0, 0, 16], "texture": "#2", "tintindex": 0},
				"up": {"uv": [0, 0, 0, 16], "texture": "#2"},
				"down": {"uv": [0, 0, 0, 16], "texture": "#2"}
			}
		},
		{
			"from": [0, 0, 13],
			"to": [16, 16, 13],
			"faces": {
				"north": {"uv": [0, 0, 16, 16], "texture": "#2", "tintindex": 0},
				"east": {"uv": [0, 0, 0, 16], "texture": "#2"},
				"south": {"uv": [0, 0, 16, 16], "texture": "#2", "tintindex": 0},
				"west": {"uv": [0, 0, 0, 16], "texture": "#2"},
				"up": {"uv": [0, 0, 0, 16], "rotation": 270, "texture": "#2"},
				"down": {"uv": [0, 0, 0, 16], "rotation": 90, "texture": "#2"}
			}
		},
		{
			"from": [0.17157, 0, 12.17157],
			"to": [16.17157, 16, 12.17157],
			"rotation": {"angle": 45, "axis": "y", "origin": [8, 8, 8]},
			"faces": {
				"north": {"uv": [0, 0, 16, 16], "texture": "#1", "tintindex": 0},
				"east": {"uv": [0, 0, 0, 16], "texture": "#1"},
				"south": {"uv": [0, 0, 16, 16], "texture": "#1", "tintindex": 0},
				"west": {"uv": [0, 0, 0, 16], "texture": "#1"},
				"up": {"uv": [0, 0, 16, 0], "texture": "#1"},
				"down": {"uv": [0, 0, 16, 0], "texture": "#1"}
			}
		},
		{
			"from": [10.07107, 0, -4.58579],
			"to": [10.07107, 24, 19.41421],
			"rotation": {"angle": 45, "axis": "y", "origin": [8, 8, 8]},
			"faces": {
				"north": {"uv": [0, 0, 0, 16], "texture": "#1"},
				"east": {"uv": [0, 0, 16, 16], "texture": "#1", "tintindex": 0},
				"south": {"uv": [0, 0, 0, 16], "texture": "#1"},
				"west": {"uv": [0, 0, 16, 16], "texture": "#1", "tintindex": 0},
				"up": {"uv": [0, 0, 0, 16], "texture": "#1"},
				"down": {"uv": [0, 0, 0, 16], "texture": "#1"}
			}
		},
		{
			"from": [-5, 2.23044, 14.15851],
			"to": [11, 20.23044, 14.15851],
			"rotation": {"angle": 22.5, "axis": "x", "origin": [8, 8, 8]},
			"faces": {
				"north": {"uv": [16, 0, 0, 16], "texture": "#2", "tintindex": 0},
				"east": {"uv": [0, 0, 0, 16], "texture": "#2"},
				"south": {"uv": [0, 0, 16, 16], "texture": "#2", "tintindex": 0},
				"west": {"uv": [0, 0, 0, 16], "texture": "#2"},
				"up": {"uv": [0, 0, 0, 16], "rotation": 270, "texture": "#2"},
				"down": {"uv": [0, 0, 0, 16], "rotation": 90, "texture": "#2"}
			}
		},
		{
			"from": [6, 0, -11],
			"to": [6, 29, 18],
			"faces": {
				"north": {"uv": [0, 0, 0, 16], "texture": "#2"},
				"east": {"uv": [16, 0, 0, 16], "texture": "#2", "tintindex": 0},
				"south": {"uv": [0, 0, 0, 16], "texture": "#2"},
				"west": {"uv": [0, 0, 16, 16], "texture": "#2", "tintindex": 0},
				"up": {"uv": [0, 0, 0, 16], "texture": "#2"},
				"down": {"uv": [0, 0, 0, 16], "texture": "#2"}
			}
		},
		{
			"from": [-0.67251, 0, 9.46297],
			"to": [15.32749, 16, 9.46297],
			"rotation": {"angle": 22.5, "axis": "y", "origin": [8, 8, 8]},
			"faces": {
				"north": {"uv": [0, 0, 16, 16], "texture": "#1", "tintindex": 0},
				"east": {"uv": [0, 0, 0, 16], "texture": "#1"},
				"south": {"uv": [0, 0, 16, 16], "texture": "#1", "tintindex": 0},
				"west": {"uv": [0, 0, 0, 16], "texture": "#1"},
				"up": {"uv": [0, 0, 0, 16], "rotation": 90, "texture": "#1"},
				"down": {"uv": [0, 0, 0, 16], "rotation": 270, "texture": "#1"}
			}
		},
		{
			"from": [-0.08239, 2.61313, -2],
			"to": [-0.08239, 10.61313, 6],
			"rotation": {"angle": 22.5, "axis": "z", "origin": [8, 8, 8]},
			"faces": {
				"north": {"uv": [0, 0, 0, 8], "texture": "#5"},
				"east": {"uv": [0, 2, 12.813, 16], "texture": "#5", "tintindex": 0},
				"south": {"uv": [0, 0, 0, 8], "texture": "#5"},
				"west": {"uv": [13.063, 1.625, 0, 16], "texture": "#5", "tintindex": 0},
				"up": {"uv": [0, 0, 0, 8], "texture": "#5"},
				"down": {"uv": [0, 0, 0, 8], "texture": "#5"}
			}
		},
		{
			"from": [7, 2.99581, 17.00627],
			"to": [16, 11.99581, 17.00627],
			"rotation": {"angle": 22.5, "axis": "x", "origin": [8, 8, 8]},
			"faces": {
				"north": {"uv": [0.063, 0.063, 16, 16], "texture": "#3", "tintindex": 0},
				"east": {"uv": [0, 0, 0, 9], "texture": "#3"},
				"south": {"uv": [0.063, 0.063, 16, 16], "texture": "#3", "tintindex": 0},
				"west": {"uv": [0, 0, 0, 9], "texture": "#3"},
				"up": {"uv": [0, 0, 0, 9], "rotation": 270, "texture": "#3"},
				"down": {"uv": [0, 0, 0, 9], "rotation": 90, "texture": "#3"}
			}
		},
		{
			"from": [17.00627, 2.99581, 3],
			"to": [17.00627, 11.99581, 13],
			"rotation": {"angle": -22.5, "axis": "z", "origin": [8, 8, 8]},
			"faces": {
				"north": {"uv": [0, 0, 0, 9], "texture": "#3"},
				"east": {"uv": [0.063, 0.063, 16, 16], "texture": "#3", "tintindex": 0},
				"south": {"uv": [0, 0, 0, 9], "texture": "#3"},
				"west": {"uv": [0, 0, 16, 16], "texture": "#3", "tintindex": 0},
				"up": {"uv": [0, 0, 10, 0], "rotation": 90, "texture": "#3"},
				"down": {"uv": [0, 0, 10, 0], "rotation": 270, "texture": "#3"}
			}
		}
	],
	"display": {
		"thirdperson_righthand": {
			"translation": [0, 1.25, 2],
			"scale": [0.6, 0.6, 0.6]
		},
		"head": {
			"translation": [0, 8.25, 0]
		}
	},
	"groups": [
		{
			"name": "group",
			"origin": [8, 8, 8],
			"children": [0, 1, 2, 3, 4, 5, 6, 7, 8, 9]
		},
		{
			"name": "group",
			"origin": [8, 8, 8],
			"children": [10, 11, 12]
		}
	]
}